{"cameraMode":{"drawMode":0,"name":"Shaded","section":"Shading Mode"},"sceneLighting":true,"audioPlay":false,"sceneViewState":{"m_AlwaysRefresh":false,"showFog":true,"showSkybox":true,"showFlares":true,"showImageEffects":true,"showParticleSystems":true,"showVisualEffectGraphs":true,"m_FxEnabled":true},"in2DMode":false,"pivot":{"x":4.438157558441162,"y":0.7804104089736939,"z":-0.08967757225036621},"rotation":{"x":-0.3055131137371063,"y":0.008005468174815178,"z":-0.0025638535153120758,"w":-0.9521122574806213},"size":3.220651149749756,"orthographic":false}